0,megamek.client.ui.swing.widget.PMMultiLineLabel,megamek/src/megamek/client/ui/swing/widget/PMMultiLineLabel.java,193
1,megamek.common.Coords,megamek/src/megamek/common/Coords.java,739
2,megamek.common.Coords,megamek/src/megamek/common/Coords.java,739
3,megamek.common.Coords,megamek/src/megamek/common/Coords.java,739
4,megamek.client.ui.swing.boardview.Sprite,megamek/src/megamek/client/ui/swing/boardview/Sprite.java,241
5,megamek.client.ui.swing.boardview.CursorSprite,megamek/src/megamek/client/ui/swing/boardview/CursorSprite.java,319
6,megamek.common.Coords,megamek/src/megamek/common/Coords.java,739
7,megamek.client.ui.swing.boardview.ECMEffects,megamek/src/megamek/client/ui/swing/boardview/ECMEffects.java,917
8,megamek.common.Coords,megamek/src/megamek/common/Coords.java,739
9,megamek.common.MoveStep,megamek/src/megamek/common/MoveStep.java,1097
10,megamek.common.MoveStep,megamek/src/megamek/common/MoveStep.java,1097
11,megamek.common.MoveStep,megamek/src/megamek/common/MoveStep.java,1097
12,megamek.common.Mounted,megamek/src/megamek/common/Mounted.java,1200
13,megamek.common.AmmoType,megamek/src/megamek/common/AmmoType.java,768
14,megamek.client.Client,megamek/src/megamek/client/Client.java,4108
15,megamek.common.Entity,megamek/src/megamek/common/Entity.java,3595
16,megamek.common.Entity,megamek/src/megamek/common/Entity.java,3595
17,megamek.common.Entity,megamek/src/megamek/common/Entity.java,3595
18,megamek.common.Entity,megamek/src/megamek/common/Entity.java,3595
19,megamek.common.Entity,megamek/src/megamek/common/Entity.java,3595
20,megamek.common.Entity,megamek/src/megamek/common/Entity.java,3595
21,megamek.common.Entity,megamek/src/megamek/common/Entity.java,3595
22,megamek.common.MechSummary,megamek/src/megamek/common/MechSummary.java,759
23,megamek.common.Entity,megamek/src/megamek/common/Entity.java,3595
24,megamek.client.Client,megamek/src/megamek/client/Client.java,4108
25,megamek.common.Entity,megamek/src/megamek/common/Entity.java,3595
26,megamek.common.EquipmentType,megamek/src/megamek/common/EquipmentType.java,1242
27,megamek.client.ratgenerator.ForceDescriptor,megamek/src/megamek/client/ratgenerator/ForceDescriptor.java,1306
28,megamek.common.MechSummary,megamek/src/megamek/common/MechSummary.java,759
29,megamek.common.AmmoType,megamek/src/megamek/common/AmmoType.java,768
30,megamek.client.ratgenerator.MissionRole,megamek/src/megamek/client/ratgenerator/MissionRole.java,704
31,megamek.common.logging.LogLevel,megamek/src/megamek/common/logging/LogLevel.java,743
32,megamek.common.Coords,megamek/src/megamek/common/Coords.java,739
33,megamek.common.Entity,megamek/src/megamek/common/Entity.java,3595
34,megamek.common.Coords,megamek/src/megamek/common/Coords.java,739
35,megamek.common.Entity,megamek/src/megamek/common/Entity.java,3595
36,megamek.common.Entity,megamek/src/megamek/common/Entity.java,3595
37,megamek.common.Coords,megamek/src/megamek/common/Coords.java,739
38,megamek.common.Entity,megamek/src/megamek/common/Entity.java,3595
39,megamek.common.Coords,megamek/src/megamek/common/Coords.java,739
40,megamek.common.Entity,megamek/src/megamek/common/Entity.java,3595
41,megamek.common.Coords,megamek/src/megamek/common/Coords.java,739
42,megamek.common.logging.LogLevel,megamek/src/megamek/common/logging/LogLevel.java,743
43,megamek.common.Entity,megamek/src/megamek/common/Entity.java,3595
44,megamek.common.MovePath,megamek/src/megamek/common/MovePath.java,1282
45,megamek.common.MovePath,megamek/src/megamek/common/MovePath.java,1282
46,megamek.common.logging.LogLevel,megamek/src/megamek/common/logging/LogLevel.java,743
47,megamek.common.Entity,megamek/src/megamek/common/Entity.java,3595
48,megamek.common.Entity,megamek/src/megamek/common/Entity.java,3595
49,megamek.common.Mounted,megamek/src/megamek/common/Mounted.java,1200
50,megamek.common.Coords,megamek/src/megamek/common/Coords.java,739
51,megamek.common.MovePath,megamek/src/megamek/common/MovePath.java,1282
52,megamek.client.bot.princess.EntityState,megamek/src/megamek/client/bot/princess/EntityState.java,940
53,megamek.common.Entity,megamek/src/megamek/common/Entity.java,3595
54,megamek.common.Entity,megamek/src/megamek/common/Entity.java,3595
55,megamek.client.bot.princess.FireControlState,megamek/src/megamek/client/bot/princess/FireControlState.java,125
56,megamek.common.Entity,megamek/src/megamek/common/Entity.java,3595
57,megamek.common.WeaponType,megamek/src/megamek/common/WeaponType.java,24560
58,megamek.client.bot.princess.EntityState,megamek/src/megamek/client/bot/princess/EntityState.java,940
59,megamek.common.WeaponType,megamek/src/megamek/common/WeaponType.java,24560
60,megamek.common.WeaponType,megamek/src/megamek/common/WeaponType.java,24560
61,megamek.common.WeaponType,megamek/src/megamek/common/WeaponType.java,24560
62,megamek.common.WeaponType,megamek/src/megamek/common/WeaponType.java,24560
63,megamek.common.WeaponType,megamek/src/megamek/common/WeaponType.java,24560
64,megamek.common.WeaponType,megamek/src/megamek/common/WeaponType.java,24560
65,megamek.common.Entity,megamek/src/megamek/common/Entity.java,3595
66,megamek.client.bot.princess.PhysicalAttackType,megamek/src/megamek/client/bot/princess/PhysicalAttackType.java,620
67,megamek.client.bot.princess.EntityState,megamek/src/megamek/client/bot/princess/EntityState.java,940
68,megamek.common.Coords,megamek/src/megamek/common/Coords.java,739
69,megamek.common.Entity,megamek/src/megamek/common/Entity.java,3595
70,megamek.common.MoveStep,megamek/src/megamek/common/MoveStep.java,1097
71,megamek.common.Entity,megamek/src/megamek/common/Entity.java,3595
72,megamek.common.Entity,megamek/src/megamek/common/Entity.java,3595
73,megamek.common.MovePath,megamek/src/megamek/common/MovePath.java,1282
74,megamek.client.Client,megamek/src/megamek/client/Client.java,4108
75,megamek.common.Coords,megamek/src/megamek/common/Coords.java,739
76,megamek.common.Entity,megamek/src/megamek/common/Entity.java,3595
77,megamek.client.bot.MoveOption.Table,megamek/src/megamek/client/bot/MoveOption.java,2530
78,megamek.client.bot.MoveOption.WeightedComparator,megamek/src/megamek/client/bot/MoveOption.java,1661
79,megamek.client.bot.MoveOption,megamek/src/megamek/client/bot/MoveOption.java,1310
80,megamek.client.bot.CEntity,megamek/src/megamek/client/bot/CEntity.java,1670
81,megamek.common.Coords,megamek/src/megamek/common/Coords.java,739
82,megamek.common.Entity,megamek/src/megamek/common/Entity.java,3595
83,megamek.client.bot.MoveOption,megamek/src/megamek/client/bot/MoveOption.java,1310
84,megamek.client.bot.MoveOption,megamek/src/megamek/client/bot/MoveOption.java,1310
85,megamek.client.bot.BotClient,megamek/src/megamek/client/bot/BotClient.java,2847
86,megamek.client.bot.BotClient,megamek/src/megamek/client/bot/BotClient.java,2847
87,megamek.client.bot.TestBot,megamek/src/megamek/client/bot/TestBot.java,1918
88,megamek.common.Entity,megamek/src/megamek/common/Entity.java,3595
89,megamek.common.Entity,megamek/src/megamek/common/Entity.java,3595
90,megamek.common.net.Packet,megamek/src/megamek/common/net/Packet.java,607
91,megamek.common.net.Packet,megamek/src/megamek/common/net/Packet.java,607
92,megamek.common.net.Packet,megamek/src/megamek/common/net/Packet.java,607
93,megamek.common.net.Packet,megamek/src/megamek/common/net/Packet.java,607
94,megamek.common.net.Packet,megamek/src/megamek/common/net/Packet.java,607
95,megamek.common.net.Packet,megamek/src/megamek/common/net/Packet.java,607
96,megamek.common.net.Packet,megamek/src/megamek/common/net/Packet.java,607
97,megamek.common.net.Packet,megamek/src/megamek/common/net/Packet.java,607
98,megamek.common.net.Packet,megamek/src/megamek/common/net/Packet.java,607
99,megamek.common.net.Packet,megamek/src/megamek/common/net/Packet.java,607
100,megamek.common.net.Packet,megamek/src/megamek/common/net/Packet.java,607
101,megamek.client.ratgenerator.ForceDescriptor,megamek/src/megamek/client/ratgenerator/ForceDescriptor.java,1306
102,megamek.client.ratgenerator.ModelRecord,megamek/src/megamek/client/ratgenerator/ModelRecord.java,1066
103,megamek.client.ratgenerator.UnitTable.Parameters,megamek/src/megamek/client/ratgenerator/UnitTable.java,13994
104,megamek.client.ratgenerator.FormationType.GroupingConstraint,megamek/src/megamek/client/ratgenerator/FormationType.java,89353
105,megamek.client.ratgenerator.ForceDescriptor,megamek/src/megamek/client/ratgenerator/ForceDescriptor.java,1306
106,megamek.common.logging.LogLevel,megamek/src/megamek/common/logging/LogLevel.java,743
107,megamek.client.ratgenerator.AvailabilityRating,megamek/src/megamek/client/ratgenerator/AvailabilityRating.java,724
108,megamek.common.Entity,megamek/src/megamek/common/Entity.java,3595
109,megamek.client.RandomUnitGenerator.RatTreeNode,megamek/src/megamek/client/RandomUnitGenerator.java,2824
110,megamek.common.net.Packet,megamek/src/megamek/common/net/Packet.java,607
111,megamek.common.Coords,megamek/src/megamek/common/Coords.java,739
112,megamek.common.MovePath,megamek/src/megamek/common/MovePath.java,1282
113,megamek.common.Coords,megamek/src/megamek/common/Coords.java,739
114,megamek.common.MovePath,megamek/src/megamek/common/MovePath.java,1282
115,megamek.common.Coords,megamek/src/megamek/common/Coords.java,739
116,megamek.common.MovePath,megamek/src/megamek/common/MovePath.java,1282
117,megamek.common.Entity,megamek/src/megamek/common/Entity.java,3595
118,megamek.common.Entity,megamek/src/megamek/common/Entity.java,3595
119,megamek.common.Mounted,megamek/src/megamek/common/Mounted.java,1200
120,megamek.common.Mech,megamek/src/megamek/common/Mech.java,1958
121,megamek.common.actions.WeaponAttackAction,megamek/src/megamek/common/actions/WeaponAttackAction.java,3431
122,megamek.common.actions.WeaponAttackAction,megamek/src/megamek/common/actions/WeaponAttackAction.java,3431
123,megamek.common.Entity,megamek/src/megamek/common/Entity.java,3595
124,megamek.common.AmmoType,megamek/src/megamek/common/AmmoType.java,768
125,megamek.common.AmmoType,megamek/src/megamek/common/AmmoType.java,768
126,megamek.common.AmmoType,megamek/src/megamek/common/AmmoType.java,768
127,megamek.common.Entity,megamek/src/megamek/common/Entity.java,3595
128,megamek.common.Entity,megamek/src/megamek/common/Entity.java,3595
129,megamek.common.Entity,megamek/src/megamek/common/Entity.java,3595
130,megamek.common.EquipmentType,megamek/src/megamek/common/EquipmentType.java,1242
131,megamek.common.Entity,megamek/src/megamek/common/Entity.java,3595
132,megamek.common.Mounted,megamek/src/megamek/common/Mounted.java,1200
133,megamek.common.Entity,megamek/src/megamek/common/Entity.java,3595
134,megamek.common.Mounted,megamek/src/megamek/common/Mounted.java,1200
135,megamek.common.Entity,megamek/src/megamek/common/Entity.java,3595
136,megamek.common.Mounted,megamek/src/megamek/common/Mounted.java,1200
137,megamek.common.MiscType,megamek/src/megamek/common/MiscType.java,1035
138,megamek.common.Protomech,megamek/src/megamek/common/Protomech.java,813
139,megamek.common.Entity,megamek/src/megamek/common/Entity.java,3595
140,megamek.common.Entity,megamek/src/megamek/common/Entity.java,3595
141,megamek.common.Jumpship,megamek/src/megamek/common/Jumpship.java,865
142,megamek.common.Coords,megamek/src/megamek/common/Coords.java,739
143,megamek.common.Mounted,megamek/src/megamek/common/Mounted.java,1200
144,megamek.common.EquipmentType,megamek/src/megamek/common/EquipmentType.java,1242
145,megamek.common.CriticalSlot,megamek/src/megamek/common/CriticalSlot.java,639
146,megamek.common.CriticalSlot,megamek/src/megamek/common/CriticalSlot.java,639
147,megamek.common.EntityFluff,megamek/src/megamek/common/EntityFluff.java,768
148,megamek.common.EntityFluff.System,megamek/src/megamek/common/EntityFluff.java,993
149,megamek.common.Entity,megamek/src/megamek/common/Entity.java,3595
150,megamek.common.Entity,megamek/src/megamek/common/Entity.java,3595
151,megamek.common.Entity,megamek/src/megamek/common/Entity.java,3595
152,megamek.common.Entity,megamek/src/megamek/common/Entity.java,3595
153,megamek.common.EquipmentType,megamek/src/megamek/common/EquipmentType.java,1242
154,megamek.common.EquipmentType,megamek/src/megamek/common/EquipmentType.java,1242
155,megamek.common.Mounted,megamek/src/megamek/common/Mounted.java,1200
156,megamek.common.MoveStep,megamek/src/megamek/common/MoveStep.java,1097
157,megamek.common.Entity,megamek/src/megamek/common/Entity.java,3595
158,megamek.common.MovePath,megamek/src/megamek/common/MovePath.java,1282
159,megamek.common.Entity,megamek/src/megamek/common/Entity.java,3595
160,megamek.common.Entity,megamek/src/megamek/common/Entity.java,3595
161,megamek.common.MoveStep,megamek/src/megamek/common/MoveStep.java,1097
162,megamek.common.MovePath,megamek/src/megamek/common/MovePath.java,1282
163,megamek.common.Entity,megamek/src/megamek/common/Entity.java,3595
164,megamek.common.MovePath,megamek/src/megamek/common/MovePath.java,1282
165,megamek.common.MovePath,megamek/src/megamek/common/MovePath.java,1282
166,megamek.common.Entity,megamek/src/megamek/common/Entity.java,3595
167,megamek.common.Entity,megamek/src/megamek/common/Entity.java,3595
168,megamek.common.Coords,megamek/src/megamek/common/Coords.java,739
169,megamek.common.HitData,megamek/src/megamek/common/HitData.java,619
170,megamek.common.EquipmentType,megamek/src/megamek/common/EquipmentType.java,1242
171,megamek.common.EquipmentType,megamek/src/megamek/common/EquipmentType.java,1242
172,megamek.common.Mounted,megamek/src/megamek/common/Mounted.java,1200
173,megamek.common.Mounted,megamek/src/megamek/common/Mounted.java,1200
174,megamek.common.CriticalSlot,megamek/src/megamek/common/CriticalSlot.java,639
175,megamek.common.EquipmentType,megamek/src/megamek/common/EquipmentType.java,1242
176,megamek.common.EquipmentType,megamek/src/megamek/common/EquipmentType.java,1242
177,megamek.common.Mounted,megamek/src/megamek/common/Mounted.java,1200
178,megamek.common.Mounted,megamek/src/megamek/common/Mounted.java,1200
179,megamek.common.Mounted,megamek/src/megamek/common/Mounted.java,1200
180,megamek.common.CriticalSlot,megamek/src/megamek/common/CriticalSlot.java,639
181,megamek.common.CriticalSlot,megamek/src/megamek/common/CriticalSlot.java,639
182,megamek.common.EquipmentType,megamek/src/megamek/common/EquipmentType.java,1242
183,megamek.common.EquipmentType,megamek/src/megamek/common/EquipmentType.java,1242
184,megamek.common.EquipmentType,megamek/src/megamek/common/EquipmentType.java,1242
185,megamek.common.PilotingRollData,megamek/src/megamek/common/PilotingRollData.java,608
186,megamek.common.MoveStep,megamek/src/megamek/common/MoveStep.java,1097
187,megamek.common.MoveStep,megamek/src/megamek/common/MoveStep.java,1097
188,megamek.common.Coords,megamek/src/megamek/common/Coords.java,739
189,megamek.common.MoveStep,megamek/src/megamek/common/MoveStep.java,1097
190,megamek.common.MoveStep,megamek/src/megamek/common/MoveStep.java,1097
191,megamek.common.Coords,megamek/src/megamek/common/Coords.java,739
192,megamek.common.Coords,megamek/src/megamek/common/Coords.java,739
193,megamek.common.PilotingRollData,megamek/src/megamek/common/PilotingRollData.java,608
194,megamek.common.IGame.Phase,megamek/src/megamek/common/IGame.java,2043
195,megamek.common.Coords,megamek/src/megamek/common/Coords.java,739
196,megamek.common.PilotingRollData,megamek/src/megamek/common/PilotingRollData.java,608
197,megamek.common.Coords,megamek/src/megamek/common/Coords.java,739
198,megamek.common.MoveStep,megamek/src/megamek/common/MoveStep.java,1097
199,megamek.common.PilotingRollData,megamek/src/megamek/common/PilotingRollData.java,608
200,megamek.common.PilotingRollData,megamek/src/megamek/common/PilotingRollData.java,608
201,megamek.common.MoveStep,megamek/src/megamek/common/MoveStep.java,1097
202,megamek.common.Coords,megamek/src/megamek/common/Coords.java,739
203,megamek.common.Mounted,megamek/src/megamek/common/Mounted.java,1200
204,megamek.common.WeaponType,megamek/src/megamek/common/WeaponType.java,24560
205,megamek.common.Coords,megamek/src/megamek/common/Coords.java,739
206,megamek.common.Coords,megamek/src/megamek/common/Coords.java,739
207,megamek.common.Coords,megamek/src/megamek/common/Coords.java,739
208,megamek.common.Coords,megamek/src/megamek/common/Coords.java,739
209,megamek.common.Mounted,megamek/src/megamek/common/Mounted.java,1200
210,megamek.common.Mounted,megamek/src/megamek/common/Mounted.java,1200
211,megamek.common.Coords,megamek/src/megamek/common/Coords.java,739
212,megamek.common.Mounted,megamek/src/megamek/common/Mounted.java,1200
213,megamek.common.Mounted,megamek/src/megamek/common/Mounted.java,1200
214,megamek.common.Entity,megamek/src/megamek/common/Entity.java,3595
215,megamek.common.LosEffects,megamek/src/megamek/common/LosEffects.java,851
216,megamek.common.Entity,megamek/src/megamek/common/Entity.java,3595
217,megamek.common.Entity,megamek/src/megamek/common/Entity.java,3595
218,megamek.common.Entity,megamek/src/megamek/common/Entity.java,3595
219,megamek.common.Entity,megamek/src/megamek/common/Entity.java,3595
220,megamek.common.Entity,megamek/src/megamek/common/Entity.java,3595
221,megamek.common.Entity,megamek/src/megamek/common/Entity.java,3595
222,megamek.common.Coords,megamek/src/megamek/common/Coords.java,739
223,megamek.common.Coords,megamek/src/megamek/common/Coords.java,739
224,megamek.common.MoveStep,megamek/src/megamek/common/MoveStep.java,1097
225,megamek.common.Coords,megamek/src/megamek/common/Coords.java,739
226,megamek.common.EquipmentType,megamek/src/megamek/common/EquipmentType.java,1242
227,megamek.common.Entity,megamek/src/megamek/common/Entity.java,3595
228,megamek.common.Mounted,megamek/src/megamek/common/Mounted.java,1200
229,megamek.common.Coords,megamek/src/megamek/common/Coords.java,739
230,megamek.common.Coords,megamek/src/megamek/common/Coords.java,739
231,megamek.common.Coords,megamek/src/megamek/common/Coords.java,739
232,megamek.common.MoveStep,megamek/src/megamek/common/MoveStep.java,1097
233,megamek.common.Coords,megamek/src/megamek/common/Coords.java,739
234,megamek.common.Coords,megamek/src/megamek/common/Coords.java,739
235,megamek.common.Entity,megamek/src/megamek/common/Entity.java,3595
236,megamek.common.Entity,megamek/src/megamek/common/Entity.java,3595
237,megamek.common.PilotingRollData,megamek/src/megamek/common/PilotingRollData.java,608
238,megamek.common.PilotingRollData,megamek/src/megamek/common/PilotingRollData.java,608
239,megamek.common.Entity,megamek/src/megamek/common/Entity.java,3595
240,megamek.common.Entity,megamek/src/megamek/common/Entity.java,3595
241,megamek.common.Entity,megamek/src/megamek/common/Entity.java,3595
242,megamek.common.Entity,megamek/src/megamek/common/Entity.java,3595
243,megamek.common.PilotingRollData,megamek/src/megamek/common/PilotingRollData.java,608
244,megamek.common.Mounted,megamek/src/megamek/common/Mounted.java,1200
245,megamek.common.EntityMovementMode,megamek/src/megamek/common/EntityMovementMode.java,603
246,megamek.common.Coords,megamek/src/megamek/common/Coords.java,739
247,megamek.common.IGame.Phase,megamek/src/megamek/common/IGame.java,2043
248,megamek.common.Entity,megamek/src/megamek/common/Entity.java,3595
249,megamek.common.Entity,megamek/src/megamek/common/Entity.java,3595
250,megamek.common.Entity,megamek/src/megamek/common/Entity.java,3595
251,megamek.common.Entity,megamek/src/megamek/common/Entity.java,3595
252,megamek.common.Entity,megamek/src/megamek/common/Entity.java,3595
253,megamek.common.Entity,megamek/src/megamek/common/Entity.java,3595
254,megamek.common.Entity,megamek/src/megamek/common/Entity.java,3595
255,megamek.common.net.Packet,megamek/src/megamek/common/net/Packet.java,607
256,megamek.common.TurnVectors,megamek/src/megamek/common/TurnVectors.java,674
257,megamek.common.Entity,megamek/src/megamek/common/Entity.java,3595
258,megamek.common.Coords,megamek/src/megamek/common/Coords.java,739
259,megamek.common.Entity,megamek/src/megamek/common/Entity.java,3595
260,megamek.common.Coords,megamek/src/megamek/common/Coords.java,739
261,megamek.common.Entity,megamek/src/megamek/common/Entity.java,3595
262,megamek.common.Coords,megamek/src/megamek/common/Coords.java,739
263,megamek.common.Entity,megamek/src/megamek/common/Entity.java,3595
264,megamek.common.Entity,megamek/src/megamek/common/Entity.java,3595
265,megamek.common.Coords,megamek/src/megamek/common/Coords.java,739
266,megamek.common.Coords,megamek/src/megamek/common/Coords.java,739
267,megamek.common.Coords,megamek/src/megamek/common/Coords.java,739
268,megamek.common.Coords,megamek/src/megamek/common/Coords.java,739
269,megamek.common.Coords,megamek/src/megamek/common/Coords.java,739
270,megamek.common.Coords,megamek/src/megamek/common/Coords.java,739
271,megamek.common.Coords,megamek/src/megamek/common/Coords.java,739
272,megamek.common.Coords,megamek/src/megamek/common/Coords.java,739
273,megamek.common.Coords,megamek/src/megamek/common/Coords.java,739
274,megamek.common.Entity,megamek/src/megamek/common/Entity.java,3595
275,megamek.common.Minefield,megamek/src/megamek/common/Minefield.java,733
276,megamek.common.Coords,megamek/src/megamek/common/Coords.java,739
277,megamek.common.Minefield,megamek/src/megamek/common/Minefield.java,733
278,megamek.common.Team,megamek/src/megamek/common/Team.java,692
279,megamek.common.Minefield,megamek/src/megamek/common/Minefield.java,733
280,megamek.common.net.Packet,megamek/src/megamek/common/net/Packet.java,607
281,megamek.common.Entity,megamek/src/megamek/common/Entity.java,3595
282,megamek.common.Entity,megamek/src/megamek/common/Entity.java,3595
283,megamek.common.Entity,megamek/src/megamek/common/Entity.java,3595
284,megamek.common.Entity,megamek/src/megamek/common/Entity.java,3595
285,megamek.common.Coords,megamek/src/megamek/common/Coords.java,739
286,megamek.common.Coords,megamek/src/megamek/common/Coords.java,739
287,megamek.common.Coords,megamek/src/megamek/common/Coords.java,739
288,megamek.common.Coords,megamek/src/megamek/common/Coords.java,739
289,megamek.common.Tank,megamek/src/megamek/common/Tank.java,1108
290,megamek.common.Aero,megamek/src/megamek/common/Aero.java,1035
291,megamek.common.Entity,megamek/src/megamek/common/Entity.java,3595
292,megamek.common.Entity,megamek/src/megamek/common/Entity.java,3595
293,megamek.common.PilotingRollData,megamek/src/megamek/common/PilotingRollData.java,608
294,megamek.common.TargetRoll,megamek/src/megamek/common/TargetRoll.java,757
295,megamek.common.Coords,megamek/src/megamek/common/Coords.java,739
296,megamek.common.Coords,megamek/src/megamek/common/Coords.java,739
297,megamek.common.net.Packet,megamek/src/megamek/common/net/Packet.java,607
298,megamek.common.net.Packet,megamek/src/megamek/common/net/Packet.java,607
299,megamek.common.net.Packet,megamek/src/megamek/common/net/Packet.java,607
300,megamek.common.net.Packet,megamek/src/megamek/common/net/Packet.java,607
301,megamek.common.net.Packet,megamek/src/megamek/common/net/Packet.java,607
302,megamek.common.net.Packet,megamek/src/megamek/common/net/Packet.java,607
303,megamek.common.net.Packet,megamek/src/megamek/common/net/Packet.java,607
304,megamek.common.net.Packet,megamek/src/megamek/common/net/Packet.java,607
305,megamek.common.net.Packet,megamek/src/megamek/common/net/Packet.java,607
306,megamek.common.Coords,megamek/src/megamek/common/Coords.java,739
307,megamek.common.Coords,megamek/src/megamek/common/Coords.java,739
308,megamek.common.Entity,megamek/src/megamek/common/Entity.java,3595
309,megamek.common.Building,megamek/src/megamek/common/Building.java,835
310,megamek.common.Coords,megamek/src/megamek/common/Coords.java,739
311,megamek.common.Building,megamek/src/megamek/common/Building.java,835
312,megamek.common.Coords,megamek/src/megamek/common/Coords.java,739
313,megamek.common.Building,megamek/src/megamek/common/Building.java,835
314,megamek.common.Coords,megamek/src/megamek/common/Coords.java,739
315,megamek.common.Building,megamek/src/megamek/common/Building.java,835
316,megamek.common.Coords,megamek/src/megamek/common/Coords.java,739
317,megamek.common.Entity,megamek/src/megamek/common/Entity.java,3595
318,megamek.common.actions.AbstractAttackAction,megamek/src/megamek/common/actions/AbstractAttackAction.java,1111
319,megamek.common.Coords,megamek/src/megamek/common/Coords.java,739
320,megamek.common.Tank,megamek/src/megamek/common/Tank.java,1108
321,megamek.common.Entity,megamek/src/megamek/common/Entity.java,3595
322,megamek.common.AmmoType,megamek/src/megamek/common/AmmoType.java,768
323,megamek.common.Coords,megamek/src/megamek/common/Coords.java,739
324,megamek.common.Entity,megamek/src/megamek/common/Entity.java,3595
325,megamek.common.AmmoType,megamek/src/megamek/common/AmmoType.java,768
326,megamek.common.Coords,megamek/src/megamek/common/Coords.java,739
327,megamek.common.Entity,megamek/src/megamek/common/Entity.java,3595
328,megamek.common.Coords,megamek/src/megamek/common/Coords.java,739
329,megamek.common.Coords,megamek/src/megamek/common/Coords.java,739
330,megamek.server.SmokeCloud,megamek/src/megamek/server/SmokeCloud.java,720
331,megamek.server.SmokeCloud,megamek/src/megamek/server/SmokeCloud.java,720
332,megamek.server.SmokeCloud,megamek/src/megamek/server/SmokeCloud.java,720
333,megamek.common.Mounted,megamek/src/megamek/common/Mounted.java,1200
334,megamek.common.Entity,megamek/src/megamek/common/Entity.java,3595
335,megamek.client.ui.swing.widget.GeneralInfoMapSet,megamek/src/megamek/client/ui/swing/widget/GeneralInfoMapSet.java,1727
336,megamek.client.ui.swing.boardview.BoardView1,megamek/src/megamek/client/ui/swing/boardview/BoardView1.java,6893
337,megamek.client.ui.swing.boardview.BoardView1,megamek/src/megamek/client/ui/swing/boardview/BoardView1.java,6893
338,megamek.client.ui.swing.boardview.BoardView1,megamek/src/megamek/client/ui/swing/boardview/BoardView1.java,6893
339,megamek.client.ui.swing.boardview.BoardView1,megamek/src/megamek/client/ui/swing/boardview/BoardView1.java,6893
340,megamek.client.ui.swing.boardview.BoardView1,megamek/src/megamek/client/ui/swing/boardview/BoardView1.java,6893
341,megamek.client.ui.swing.boardview.BoardView1,megamek/src/megamek/client/ui/swing/boardview/BoardView1.java,6893
342,megamek.client.ui.swing.boardview.StepSprite,megamek/src/megamek/client/ui/swing/boardview/StepSprite.java,682
343,megamek.client.ui.swing.boardview.StepSprite,megamek/src/megamek/client/ui/swing/boardview/StepSprite.java,682
344,megamek.client.ui.swing.boardview.StepSprite,megamek/src/megamek/client/ui/swing/boardview/StepSprite.java,682
345,megamek.client.ui.swing.unitDisplay.WeaponPanel,megamek/src/megamek/client/ui/swing/unitDisplay/WeaponPanel.java,2761
346,megamek.client.ui.swing.unitDisplay.WeaponPanel,megamek/src/megamek/client/ui/swing/unitDisplay/WeaponPanel.java,2761
347,megamek.client.ui.swing.ClientGUI,megamek/src/megamek/client/ui/swing/ClientGUI.java,4363
348,megamek.client.ui.swing.ClientGUI,megamek/src/megamek/client/ui/swing/ClientGUI.java,4363
349,megamek.client.ui.swing.ClientGUI,megamek/src/megamek/client/ui/swing/ClientGUI.java,4363
350,megamek.client.ui.swing.UnitOverview,megamek/src/megamek/client/ui/swing/UnitOverview.java,1682
351,megamek.client.ui.swing.MechViewPanel,megamek/src/megamek/client/ui/swing/MechViewPanel.java,1279
352,megamek.client.ui.swing.MechViewPanel,megamek/src/megamek/client/ui/swing/MechViewPanel.java,1279
353,megamek.client.ui.swing.TilesetManager,megamek/src/megamek/client/ui/swing/TilesetManager.java,2292
354,megamek.client.ui.swing.TilesetManager,megamek/src/megamek/client/ui/swing/TilesetManager.java,2292
355,megamek.client.ui.swing.RandomArmyDialog.UnitTableModel,megamek/src/megamek/client/ui/swing/RandomArmyDialog.java,43419
356,megamek.client.ui.swing.RandomNameDialog,megamek/src/megamek/client/ui/swing/RandomNameDialog.java,1262
357,megamek.client.ui.swing.MiniReportDisplay,megamek/src/megamek/client/ui/swing/MiniReportDisplay.java,1142
358,megamek.client.ui.swing.RandomSkillDialog,megamek/src/megamek/client/ui/swing/RandomSkillDialog.java,1098
359,megamek.client.ui.swing.AdvancedSearchDialog,megamek/src/megamek/client/ui/swing/AdvancedSearchDialog.java,2384
360,megamek.client.ui.swing.ForceGeneratorViewUi.ChosenEntityModel,megamek/src/megamek/client/ui/swing/ForceGeneratorViewUi.java,19028
361,megamek.client.ui.swing.AnalyzeFormationDialog,megamek/src/megamek/client/ui/swing/AnalyzeFormationDialog.java,1144
362,megamek.client.ui.swing.BayMunitionsChoicePanel.AmmoRowPanel,megamek/src/megamek/client/ui/swing/BayMunitionsChoicePanel.java,5859
363,megamek.client.ui.swing.ForceGeneratorOptionsView,megamek/src/megamek/client/ui/swing/ForceGeneratorOptionsView.java,1993
364,megamek.client.bot.princess.Princess,megamek/src/megamek/client/bot/princess/Princess.java,2643
365,megamek.client.bot.princess.Princess,megamek/src/megamek/client/bot/princess/Princess.java,2643
366,megamek.client.bot.princess.Princess,megamek/src/megamek/client/bot/princess/Princess.java,2643
367,megamek.client.bot.princess.Princess,megamek/src/megamek/client/bot/princess/Princess.java,2643
368,megamek.client.bot.princess.Princess,megamek/src/megamek/client/bot/princess/Princess.java,2643
369,megamek.client.bot.princess.Princess,megamek/src/megamek/client/bot/princess/Princess.java,2643
370,megamek.client.bot.princess.Princess,megamek/src/megamek/client/bot/princess/Princess.java,2643
371,megamek.client.bot.princess.Princess,megamek/src/megamek/client/bot/princess/Princess.java,2643
372,megamek.client.bot.princess.Princess,megamek/src/megamek/client/bot/princess/Princess.java,2643
373,megamek.client.bot.princess.Princess,megamek/src/megamek/client/bot/princess/Princess.java,2643
374,megamek.client.bot.princess.Princess,megamek/src/megamek/client/bot/princess/Princess.java,2643
375,megamek.client.bot.princess.Princess,megamek/src/megamek/client/bot/princess/Princess.java,2643
376,megamek.client.bot.princess.Princess,megamek/src/megamek/client/bot/princess/Princess.java,2643
377,megamek.client.bot.princess.Princess,megamek/src/megamek/client/bot/princess/Princess.java,2643
378,megamek.client.bot.princess.MoralUtil,megamek/src/megamek/client/bot/princess/MoralUtil.java,1068
379,megamek.client.bot.princess.MoralUtil,megamek/src/megamek/client/bot/princess/MoralUtil.java,1068
380,megamek.client.bot.princess.FiringPlan,megamek/src/megamek/client/bot/princess/FiringPlan.java,1044
381,megamek.client.bot.princess.PathRanker,megamek/src/megamek/client/bot/princess/PathRanker.java,1381
382,megamek.client.bot.princess.FireControl,megamek/src/megamek/client/bot/princess/FireControl.java,2732
383,megamek.client.bot.princess.FireControl,megamek/src/megamek/client/bot/princess/FireControl.java,2732
384,megamek.client.bot.princess.FireControl,megamek/src/megamek/client/bot/princess/FireControl.java,2732
385,megamek.client.bot.princess.FireControl,megamek/src/megamek/client/bot/princess/FireControl.java,2732
386,megamek.client.bot.princess.FireControl,megamek/src/megamek/client/bot/princess/FireControl.java,2732
387,megamek.client.bot.princess.FireControl,megamek/src/megamek/client/bot/princess/FireControl.java,2732
388,megamek.client.bot.princess.FireControl,megamek/src/megamek/client/bot/princess/FireControl.java,2732
389,megamek.client.bot.princess.FireControl,megamek/src/megamek/client/bot/princess/FireControl.java,2732
390,megamek.client.bot.princess.FireControl,megamek/src/megamek/client/bot/princess/FireControl.java,2732
391,megamek.client.bot.princess.FireControl,megamek/src/megamek/client/bot/princess/FireControl.java,2732
392,megamek.client.bot.princess.FireControl,megamek/src/megamek/client/bot/princess/FireControl.java,2732
393,megamek.client.bot.princess.FireControl,megamek/src/megamek/client/bot/princess/FireControl.java,2732
394,megamek.client.bot.princess.FireControl,megamek/src/megamek/client/bot/princess/FireControl.java,2732
395,megamek.client.bot.princess.PhysicalInfo,megamek/src/megamek/client/bot/princess/PhysicalInfo.java,1198
396,megamek.client.bot.princess.PhysicalInfo,megamek/src/megamek/client/bot/princess/PhysicalInfo.java,1198
397,megamek.client.bot.princess.Precognition,megamek/src/megamek/client/bot/princess/Precognition.java,2855
398,megamek.client.bot.princess.BasicPathRanker,megamek/src/megamek/client/bot/princess/BasicPathRanker.java,1989
399,megamek.client.bot.princess.BasicPathRanker,megamek/src/megamek/client/bot/princess/BasicPathRanker.java,1989
400,megamek.client.bot.princess.NewtonianAerospacePathRanker,megamek/src/megamek/client/bot/princess/NewtonianAerospacePathRanker.java,1088
401,megamek.client.bot.CEntity,megamek/src/megamek/client/bot/CEntity.java,1670
402,megamek.client.bot.TestBot,megamek/src/megamek/client/bot/TestBot.java,1918
403,megamek.client.bot.TestBot,megamek/src/megamek/client/bot/TestBot.java,1918
404,megamek.client.bot.TestBot,megamek/src/megamek/client/bot/TestBot.java,1918
405,megamek.client.bot.BotClient,megamek/src/megamek/client/bot/BotClient.java,2847
406,megamek.client.bot.BotClient,megamek/src/megamek/client/bot/BotClient.java,2847
407,megamek.client.bot.MoveOption.Table,megamek/src/megamek/client/bot/MoveOption.java,2530
408,megamek.client.bot.MoveOption.Table,megamek/src/megamek/client/bot/MoveOption.java,2530
409,megamek.client.bot.ChatProcessor,megamek/src/megamek/client/bot/ChatProcessor.java,1254
410,megamek.client.bot.ChatProcessor,megamek/src/megamek/client/bot/ChatProcessor.java,1254
411,megamek.client.bot.ChatProcessor,megamek/src/megamek/client/bot/ChatProcessor.java,1254
412,megamek.client.commands.AssignNovaNetworkCommand,megamek/src/megamek/client/commands/AssignNovaNetworkCommand.java,187
413,megamek.client.Client,megamek/src/megamek/client/Client.java,4108
414,megamek.client.Client,megamek/src/megamek/client/Client.java,4108
415,megamek.client.Client,megamek/src/megamek/client/Client.java,4108
416,megamek.client.Client,megamek/src/megamek/client/Client.java,4108
417,megamek.client.Client,megamek/src/megamek/client/Client.java,4108
418,megamek.client.Client,megamek/src/megamek/client/Client.java,4108
419,megamek.client.Client,megamek/src/megamek/client/Client.java,4108
420,megamek.client.Client,megamek/src/megamek/client/Client.java,4108
421,megamek.client.Client,megamek/src/megamek/client/Client.java,4108
422,megamek.client.Client,megamek/src/megamek/client/Client.java,4108
423,megamek.client.Client,megamek/src/megamek/client/Client.java,4108
424,megamek.client.Client,megamek/src/megamek/client/Client.java,4108
425,megamek.client.ratgenerator.ForceNode,megamek/src/megamek/client/ratgenerator/ForceNode.java,855
426,megamek.client.ratgenerator.ChassisRecord,megamek/src/megamek/client/ratgenerator/ChassisRecord.java,731
427,megamek.client.ratgenerator.FormationType,megamek/src/megamek/client/ratgenerator/FormationType.java,1369
428,megamek.client.ratgenerator.FormationType,megamek/src/megamek/client/ratgenerator/FormationType.java,1369
429,,megamek/src/megamek/client/ratgenerator/ForceDescriptor.java,47730
430,megamek.client.ratgenerator.ForceDescriptor,megamek/src/megamek/client/ratgenerator/ForceDescriptor.java,1306
431,megamek.client.ratgenerator.AbstractUnitRecord,megamek/src/megamek/client/ratgenerator/AbstractUnitRecord.java,675
432,megamek.client.ratgenerator.TransportCalculator,megamek/src/megamek/client/ratgenerator/TransportCalculator.java,764
433,megamek.client.RandomUnitGenerator,megamek/src/megamek/client/RandomUnitGenerator.java,1402
434,megamek.common.net.marshall.PacketMarshaller,megamek/src/megamek/common/net/marshall/PacketMarshaller.java,784
435,megamek.common.actions.RamAttackAction,megamek/src/megamek/common/actions/RamAttackAction.java,1398
436,megamek.common.actions.RamAttackAction,megamek/src/megamek/common/actions/RamAttackAction.java,1398
437,megamek.common.actions.ChargeAttackAction,megamek/src/megamek/common/actions/ChargeAttackAction.java,1561
438,megamek.common.actions.ChargeAttackAction,megamek/src/megamek/common/actions/ChargeAttackAction.java,1561
439,megamek.common.actions.AirmechRamAttackAction,megamek/src/megamek/common/actions/AirmechRamAttackAction.java,1387
440,megamek.common.actions.AirmechRamAttackAction,megamek/src/megamek/common/actions/AirmechRamAttackAction.java,1387
441,megamek.common.actions.SearchlightAttackAction,megamek/src/megamek/common/actions/SearchlightAttackAction.java,942
442,megamek.common.actions.TeleMissileAttackAction,megamek/src/megamek/common/actions/TeleMissileAttackAction.java,1144
443,megamek.common.actions.TeleMissileAttackAction,megamek/src/megamek/common/actions/TeleMissileAttackAction.java,1144
444,megamek.common.loaders.MepFile,megamek/src/megamek/common/loaders/MepFile.java,1196
445,megamek.common.weapons.bayweapons.AmmoBayWeapon,megamek/src/megamek/common/weapons/bayweapons/AmmoBayWeapon.java,973
446,megamek.common.weapons.AmmoWeapon,megamek/src/megamek/common/weapons/AmmoWeapon.java,865
447,megamek.common.weapons.NarcHandler,megamek/src/megamek/common/weapons/NarcHandler.java,1172
448,megamek.common.weapons.CapitalMissileHandler,megamek/src/megamek/common/weapons/CapitalMissileHandler.java,1118
449,megamek.common.weapons.CapitalMissileBayHandler,megamek/src/megamek/common/weapons/CapitalMissileBayHandler.java,1189
450,megamek.common.weapons.CapitalMissileBearingsOnlyHandler,megamek/src/megamek/common/weapons/CapitalMissileBearingsOnlyHandler.java,1509
451,megamek.common.verifier.BayData,megamek/src/megamek/common/verifier/BayData.java,1429
452,megamek.common.verifier.TestAero,megamek/src/megamek/common/verifier/TestAero.java,2203
453,megamek.common.verifier.TestAero,megamek/src/megamek/common/verifier/TestAero.java,2203
454,megamek.common.verifier.TestMech,megamek/src/megamek/common/verifier/TestMech.java,1885
455,megamek.common.verifier.TestMech,megamek/src/megamek/common/verifier/TestMech.java,1885
456,megamek.common.verifier.TestMech,megamek/src/megamek/common/verifier/TestMech.java,1885
457,megamek.common.verifier.TestEntity,megamek/src/megamek/common/verifier/TestEntity.java,1639
458,megamek.common.verifier.TestProtomech,megamek/src/megamek/common/verifier/TestProtomech.java,1140
459,megamek.common.verifier.EntityVerifier,megamek/src/megamek/common/verifier/EntityVerifier.java,1846
460,megamek.common.verifier.TestBattleArmor,megamek/src/megamek/common/verifier/TestBattleArmor.java,1239
461,megamek.common.verifier.TestAdvancedAerospace.CapitalArmor,megamek/src/megamek/common/verifier/TestAdvancedAerospace.java,1647
462,megamek.common.Aero,megamek/src/megamek/common/Aero.java,1035
463,megamek.common.Mech,megamek/src/megamek/common/Mech.java,1958
464,megamek.common.Mech,megamek/src/megamek/common/Mech.java,1958
465,megamek.common.Mech,megamek/src/megamek/common/Mech.java,1958
466,megamek.common.Mech,megamek/src/megamek/common/Mech.java,1958
467,megamek.common.templates.TROView,megamek/src/megamek/common/templates/TROView.java,2210
468,megamek.common.templates.TROView,megamek/src/megamek/common/templates/TROView.java,2210
469,megamek.common.templates.TROView,megamek/src/megamek/common/templates/TROView.java,2210
470,megamek.common.templates.TROView,megamek/src/megamek/common/templates/TROView.java,2210
471,megamek.common.templates.TROView,megamek/src/megamek/common/templates/TROView.java,2210
472,megamek.common.templates.InfantryTROView,megamek/src/megamek/common/templates/InfantryTROView.java,1166
473,megamek.common.templates.BattleArmorTROView,megamek/src/megamek/common/templates/BattleArmorTROView.java,1165
474,megamek.common.pathfinder.MovePathFinder.NextStepsAdjacencyMap,megamek/src/megamek/common/pathfinder/MovePathFinder.java,10518
475,megamek.common.pathfinder.BoardEdgePathFinder,megamek/src/megamek/common/pathfinder/BoardEdgePathFinder.java,1126
476,megamek.common.pathfinder.BoardEdgePathFinder,megamek/src/megamek/common/pathfinder/BoardEdgePathFinder.java,1126
477,megamek.common.pathfinder.BoardEdgePathFinder,megamek/src/megamek/common/pathfinder/BoardEdgePathFinder.java,1126
478,megamek.common.pathfinder.BoardEdgePathFinder,megamek/src/megamek/common/pathfinder/BoardEdgePathFinder.java,1126
479,megamek.common.pathfinder.BoardEdgePathFinder,megamek/src/megamek/common/pathfinder/BoardEdgePathFinder.java,1126
480,megamek.common.pathfinder.NewtonianAerospacePathFinder,megamek/src/megamek/common/pathfinder/NewtonianAerospacePathFinder.java,494
481,megamek.common.Engine,megamek/src/megamek/common/Engine.java,741
482,megamek.common.Engine,megamek/src/megamek/common/Engine.java,741
483,megamek.common.Entity,megamek/src/megamek/common/Entity.java,3595
484,megamek.common.Entity,megamek/src/megamek/common/Entity.java,3595
485,megamek.common.Entity,megamek/src/megamek/common/Entity.java,3595
486,megamek.common.Entity,megamek/src/megamek/common/Entity.java,3595
487,megamek.common.Entity,megamek/src/megamek/common/Entity.java,3595
488,megamek.common.Entity,megamek/src/megamek/common/Entity.java,3595
489,megamek.common.Entity,megamek/src/megamek/common/Entity.java,3595
490,megamek.common.Entity,megamek/src/megamek/common/Entity.java,3595
491,megamek.common.Entity,megamek/src/megamek/common/Entity.java,3595
492,megamek.common.Entity,megamek/src/megamek/common/Entity.java,3595
493,megamek.common.Entity,megamek/src/megamek/common/Entity.java,3595
494,megamek.common.Entity,megamek/src/megamek/common/Entity.java,3595
495,megamek.common.Entity,megamek/src/megamek/common/Entity.java,3595
496,megamek.common.Entity,megamek/src/megamek/common/Entity.java,3595
497,megamek.common.Entity,megamek/src/megamek/common/Entity.java,3595
498,megamek.common.Entity,megamek/src/megamek/common/Entity.java,3595
499,megamek.common.Entity,megamek/src/megamek/common/Entity.java,3595
500,megamek.common.Entity,megamek/src/megamek/common/Entity.java,3595
501,megamek.common.Entity,megamek/src/megamek/common/Entity.java,3595
502,megamek.common.Entity,megamek/src/megamek/common/Entity.java,3595
503,megamek.common.Entity,megamek/src/megamek/common/Entity.java,3595
504,megamek.common.Entity,megamek/src/megamek/common/Entity.java,3595
505,megamek.common.Entity,megamek/src/megamek/common/Entity.java,3595
506,megamek.common.Entity,megamek/src/megamek/common/Entity.java,3595
507,megamek.common.Entity,megamek/src/megamek/common/Entity.java,3595
508,megamek.common.Entity,megamek/src/megamek/common/Entity.java,3595
509,megamek.common.Entity,megamek/src/megamek/common/Entity.java,3595
510,megamek.common.Entity,megamek/src/megamek/common/Entity.java,3595
511,megamek.common.Entity,megamek/src/megamek/common/Entity.java,3595
512,megamek.common.Entity,megamek/src/megamek/common/Entity.java,3595
513,megamek.common.Entity,megamek/src/megamek/common/Entity.java,3595
514,megamek.common.Entity,megamek/src/megamek/common/Entity.java,3595
515,megamek.common.Entity,megamek/src/megamek/common/Entity.java,3595
516,megamek.common.Entity,megamek/src/megamek/common/Entity.java,3595
517,megamek.common.Entity,megamek/src/megamek/common/Entity.java,3595
518,megamek.common.Entity,megamek/src/megamek/common/Entity.java,3595
519,megamek.common.Entity,megamek/src/megamek/common/Entity.java,3595
520,megamek.common.Entity,megamek/src/megamek/common/Entity.java,3595
521,megamek.common.Entity,megamek/src/megamek/common/Entity.java,3595
522,megamek.common.Entity,megamek/src/megamek/common/Entity.java,3595
523,megamek.common.Entity,megamek/src/megamek/common/Entity.java,3595
524,megamek.common.Report,megamek/src/megamek/common/Report.java,795
525,megamek.common.Sensor,megamek/src/megamek/common/Sensor.java,702
526,megamek.common.Sensor,megamek/src/megamek/common/Sensor.java,702
527,megamek.common.Sensor,megamek/src/megamek/common/Sensor.java,702
528,megamek.common.Sensor,megamek/src/megamek/common/Sensor.java,702
529,megamek.common.Sensor,megamek/src/megamek/common/Sensor.java,702
530,megamek.common.Mounted,megamek/src/megamek/common/Mounted.java,1200
531,megamek.common.Mounted,megamek/src/megamek/common/Mounted.java,1200
532,megamek.common.Building,megamek/src/megamek/common/Building.java,835
533,megamek.common.Building,megamek/src/megamek/common/Building.java,835
534,megamek.common.Infantry,megamek/src/megamek/common/Infantry.java,1082
535,megamek.common.Infantry,megamek/src/megamek/common/Infantry.java,1082
536,megamek.common.MiscType,megamek/src/megamek/common/MiscType.java,1035
537,megamek.common.MovePath,megamek/src/megamek/common/MovePath.java,1282
538,megamek.common.MovePath,megamek/src/megamek/common/MovePath.java,1282
539,megamek.common.MovePath,megamek/src/megamek/common/MovePath.java,1282
540,megamek.common.MovePath,megamek/src/megamek/common/MovePath.java,1282
541,megamek.common.MovePath,megamek/src/megamek/common/MovePath.java,1282
542,megamek.common.MovePath,megamek/src/megamek/common/MovePath.java,1282
543,megamek.common.MoveStep,megamek/src/megamek/common/MoveStep.java,1097
544,megamek.common.MoveStep,megamek/src/megamek/common/MoveStep.java,1097
545,megamek.common.QuadMech,megamek/src/megamek/common/QuadMech.java,792
546,megamek.common.BipedMech,megamek/src/megamek/common/BipedMech.java,711
547,megamek.common.MULParser,megamek/src/megamek/common/MULParser.java,1013
548,megamek.common.MULParser,megamek/src/megamek/common/MULParser.java,1013
549,megamek.common.MULParser,megamek/src/megamek/common/MULParser.java,1013
550,megamek.common.MULParser,megamek/src/megamek/common/MULParser.java,1013
551,megamek.common.TripodMech,megamek/src/megamek/common/TripodMech.java,743
552,megamek.common.WeaponType,megamek/src/megamek/common/WeaponType.java,24560
553,megamek.common.LandAirMech,megamek/src/megamek/common/LandAirMech.java,798
554,megamek.common.ArtilleryTracker,megamek/src/megamek/common/ArtilleryTracker.java,706
555,megamek.common.SpecialHexDisplay,megamek/src/megamek/common/SpecialHexDisplay.java,825
556,megamek.common.BattleForceElement,megamek/src/megamek/common/BattleForceElement.java,1163
557,megamek.common.BattleForceElement,megamek/src/megamek/common/BattleForceElement.java,1163
558,megamek.common.PlanetaryConditions,megamek/src/megamek/common/PlanetaryConditions.java,653
559,megamek.common.PlanetaryConditions,megamek/src/megamek/common/PlanetaryConditions.java,653
560,megamek.common.PlanetaryConditions,megamek/src/megamek/common/PlanetaryConditions.java,653
561,megamek.common.PlanetaryConditions,megamek/src/megamek/common/PlanetaryConditions.java,653
562,megamek.common.PlanetaryConditions,megamek/src/megamek/common/PlanetaryConditions.java,653
563,megamek.server.Server,megamek/src/megamek/server/Server.java,11206
564,megamek.server.Server,megamek/src/megamek/server/Server.java,11206
565,megamek.server.Server,megamek/src/megamek/server/Server.java,11206
566,megamek.server.Server,megamek/src/megamek/server/Server.java,11206
567,megamek.server.Server,megamek/src/megamek/server/Server.java,11206
568,megamek.server.Server,megamek/src/megamek/server/Server.java,11206
569,megamek.server.Server,megamek/src/megamek/server/Server.java,11206
570,megamek.server.Server,megamek/src/megamek/server/Server.java,11206
571,megamek.server.Server,megamek/src/megamek/server/Server.java,11206
572,megamek.server.Server,megamek/src/megamek/server/Server.java,11206
573,megamek.server.Server,megamek/src/megamek/server/Server.java,11206
574,megamek.server.Server,megamek/src/megamek/server/Server.java,11206
575,megamek.server.Server,megamek/src/megamek/server/Server.java,11206
576,megamek.server.Server,megamek/src/megamek/server/Server.java,11206
577,megamek.server.Server,megamek/src/megamek/server/Server.java,11206
578,megamek.server.Server,megamek/src/megamek/server/Server.java,11206
579,megamek.server.Server,megamek/src/megamek/server/Server.java,11206
580,megamek.server.Server,megamek/src/megamek/server/Server.java,11206
581,megamek.server.Server,megamek/src/megamek/server/Server.java,11206
582,megamek.server.Server,megamek/src/megamek/server/Server.java,11206
583,megamek.server.Server,megamek/src/megamek/server/Server.java,11206
584,megamek.server.Server,megamek/src/megamek/server/Server.java,11206
585,megamek.server.Server,megamek/src/megamek/server/Server.java,11206
586,megamek.server.Server,megamek/src/megamek/server/Server.java,11206
587,megamek.server.Server,megamek/src/megamek/server/Server.java,11206
588,megamek.server.Server,megamek/src/megamek/server/Server.java,11206
589,megamek.server.Server,megamek/src/megamek/server/Server.java,11206
590,megamek.server.Server,megamek/src/megamek/server/Server.java,11206
591,megamek.server.Server,megamek/src/megamek/server/Server.java,11206
592,megamek.server.Server,megamek/src/megamek/server/Server.java,11206
593,megamek.server.Server,megamek/src/megamek/server/Server.java,11206
594,megamek.server.Server,megamek/src/megamek/server/Server.java,11206
595,megamek.server.Server,megamek/src/megamek/server/Server.java,11206
596,megamek.server.Server,megamek/src/megamek/server/Server.java,11206
597,megamek.server.Server,megamek/src/megamek/server/Server.java,11206
598,megamek.server.Server,megamek/src/megamek/server/Server.java,11206
599,megamek.server.Server,megamek/src/megamek/server/Server.java,11206
600,megamek.server.Server,megamek/src/megamek/server/Server.java,11206
601,megamek.server.Server,megamek/src/megamek/server/Server.java,11206
602,megamek.server.Server,megamek/src/megamek/server/Server.java,11206
603,megamek.server.Server,megamek/src/megamek/server/Server.java,11206
604,megamek.server.Server,megamek/src/megamek/server/Server.java,11206
605,megamek.server.Server,megamek/src/megamek/server/Server.java,11206
606,megamek.server.Server,megamek/src/megamek/server/Server.java,11206
607,megamek.server.Server,megamek/src/megamek/server/Server.java,11206
608,megamek.server.Server,megamek/src/megamek/server/Server.java,11206
609,megamek.server.Server,megamek/src/megamek/server/Server.java,11206
610,megamek.server.Server,megamek/src/megamek/server/Server.java,11206
611,megamek.server.Server,megamek/src/megamek/server/Server.java,11206
612,megamek.server.Server,megamek/src/megamek/server/Server.java,11206
613,megamek.server.Server,megamek/src/megamek/server/Server.java,11206
614,megamek.server.Server,megamek/src/megamek/server/Server.java,11206
615,megamek.server.Server,megamek/src/megamek/server/Server.java,11206
616,megamek.server.Server,megamek/src/megamek/server/Server.java,11206
617,megamek.server.Server,megamek/src/megamek/server/Server.java,11206
618,megamek.server.Server,megamek/src/megamek/server/Server.java,11206
619,megamek.server.Server,megamek/src/megamek/server/Server.java,11206
620,megamek.server.Server,megamek/src/megamek/server/Server.java,11206
621,megamek.server.Server,megamek/src/megamek/server/Server.java,11206
622,megamek.server.Server,megamek/src/megamek/server/Server.java,11206
623,megamek.server.FireProcessor,megamek/src/megamek/server/FireProcessor.java,1189
624,megamek.server.ScenarioLoader,megamek/src/megamek/server/ScenarioLoader.java,2616
625,megamek.server.ScenarioLoader,megamek/src/megamek/server/ScenarioLoader.java,2616
