0,megamek.client.ui.swing.widget.GeneralInfoMapSet.addOptionsToList,megamek/src/megamek/client/ui/swing/widget/GeneralInfoMapSet.java,24809,109,56
1,megamek.client.ui.swing.boardview.BoardView1.drawHexSpritesForHex,megamek/src/megamek/client/ui/swing/boardview/BoardView1.java,69582,35,100
2,megamek.client.ui.swing.boardview.BoardView1.drawIsometricSpritesForHex,megamek/src/megamek/client/ui/swing/boardview/BoardView1.java,70318,35,100
3,megamek.client.ui.swing.boardview.BoardView1.drawIsometricWreckSpritesForHex,megamek/src/megamek/client/ui/swing/boardview/BoardView1.java,71578,35,100
4,megamek.client.ui.swing.boardview.BoardView1.drawSprite,megamek/src/megamek/client/ui/swing/boardview/BoardView1.java,73924,35,118
5,megamek.client.ui.swing.boardview.BoardView1.moveCursor,megamek/src/megamek/client/ui/swing/boardview/BoardView1.java,148957,35,75 100
6,megamek.client.ui.swing.boardview.BoardView1.processAffectedCoords,megamek/src/megamek/client/ui/swing/boardview/BoardView1.java,214843,35,100 18
7,megamek.client.ui.swing.boardview.StepSprite.drawConditions,megamek/src/megamek/client/ui/swing/boardview/StepSprite.java,21820,49,0
8,megamek.client.ui.swing.boardview.StepSprite.drawActiveVectors,megamek/src/megamek/client/ui/swing/boardview/StepSprite.java,23343,49,0
9,megamek.client.ui.swing.boardview.StepSprite.drawMovementCost,megamek/src/megamek/client/ui/swing/boardview/StepSprite.java,27395,49,0
10,megamek.client.ui.swing.unitDisplay.WeaponPanel.formatBayWeapon,megamek/src/megamek/client/ui/swing/unitDisplay/WeaponPanel.java,87713,22,84
11,megamek.client.ui.swing.unitDisplay.WeaponPanel.changeAttackValues,megamek/src/megamek/client/ui/swing/unitDisplay/WeaponPanel.java,95189,22,125
12,megamek.client.ui.swing.ClientGUI.deleteAllUnits,megamek/src/megamek/client/ui/swing/ClientGUI.java,62616,72,48
13,megamek.client.ui.swing.ClientGUI.loadPreviewImage,megamek/src/megamek/client/ui/swing/ClientGUI.java,69052,72,116
14,megamek.client.ui.swing.ClientGUI.loadPreviewImage,megamek/src/megamek/client/ui/swing/ClientGUI.java,69366,72,116
15,megamek.client.ui.swing.UnitOverview.drawHeat,megamek/src/megamek/client/ui/swing/UnitOverview.java,10035,9,116
16,megamek.client.ui.swing.MechViewPanel.setMech,megamek/src/megamek/client/ui/swing/MechViewPanel.java,4912,126,116
17,megamek.client.ui.swing.MechViewPanel.setMech,megamek/src/megamek/client/ui/swing/MechViewPanel.java,5055,126,116
18,megamek.client.ui.swing.TilesetManager.imageFor,megamek/src/megamek/client/ui/swing/TilesetManager.java,9380,95,116
19,megamek.client.ui.swing.TilesetManager.reloadImage,megamek/src/megamek/client/ui/swing/TilesetManager.java,17446,95,116
20,megamek.client.ui.swing.RandomArmyDialog.UnitTableModel.addUnit,megamek/src/megamek/client/ui/swing/RandomArmyDialog.java,44226,60,3
21,megamek.client.ui.swing.RandomNameDialog.showDialog,megamek/src/megamek/client/ui/swing/RandomNameDialog.java,4184,111,116
22,megamek.client.ui.swing.MiniReportDisplay.setupReportTabs,megamek/src/megamek/client/ui/swing/MiniReportDisplay.java,2998,113,48
23,megamek.client.ui.swing.RandomSkillDialog.showDialog,megamek/src/megamek/client/ui/swing/RandomSkillDialog.java,5283,121,116
24,megamek.client.ui.swing.AdvancedSearchDialog.matchUnitType,megamek/src/megamek/client/ui/swing/AdvancedSearchDialog.java,32782,61,104
25,megamek.client.ui.swing.ForceGeneratorViewUi.ChosenEntityModel.addEntities,megamek/src/megamek/client/ui/swing/ForceGeneratorViewUi.java,20592,127,92
26,megamek.client.ui.swing.AnalyzeFormationDialog.getNetworkMask,megamek/src/megamek/client/ui/swing/AnalyzeFormationDialog.java,11867,27,3
27,megamek.client.ui.swing.BayMunitionsChoicePanel.AmmoRowPanel.createMunitionLabel,megamek/src/megamek/client/ui/swing/BayMunitionsChoicePanel.java,11033,68,125
28,megamek.client.ui.swing.ForceGeneratorOptionsView.createMissionRoleCheck,megamek/src/megamek/client/ui/swing/ForceGeneratorOptionsView.java,18408,28,96
29,megamek.client.bot.princess.Princess.setVerbosity,megamek/src/megamek/client/bot/princess/Princess.java,5833,88,66
30,megamek.client.bot.princess.Princess.addStrategicBuildingTarget,megamek/src/megamek/client/bot/princess/Princess.java,10847,88,100
31,megamek.client.bot.princess.Princess.calculateAdvancedAerospaceDeploymentCoords,megamek/src/megamek/client/bot/princess/Princess.java,17069,88,116
32,megamek.client.bot.princess.Princess.calculateTurretDeploymentValue,megamek/src/megamek/client/bot/princess/Princess.java,20160,88,100
33,megamek.client.bot.princess.Princess.calcAmmoConservation,megamek/src/megamek/client/bot/princess/Princess.java,25959,88,116
34,megamek.client.bot.princess.Princess.isFallingBack,megamek/src/megamek/client/bot/princess/Princess.java,44057,88,116
35,megamek.client.bot.princess.Princess.getHex,megamek/src/megamek/client/bot/princess/Princess.java,49043,88,100
36,megamek.client.bot.princess.Princess.isEnemyGunEmplacement,megamek/src/megamek/client/bot/princess/Princess.java,69078,88,100 116
37,megamek.client.bot.princess.Princess.isEnemyInfantry,megamek/src/megamek/client/bot/princess/Princess.java,69484,88,100 116
38,megamek.client.bot.princess.Princess.log,megamek/src/megamek/client/bot/princess/Princess.java,70423,88,66
39,megamek.client.bot.princess.Princess.getHomeEdge,megamek/src/megamek/client/bot/princess/Princess.java,71752,88,116
40,megamek.client.bot.princess.Princess.unjamRAC,megamek/src/megamek/client/bot/princess/Princess.java,76555,88,110
41,megamek.client.bot.princess.Princess.evadeIfNotFiring,megamek/src/megamek/client/bot/princess/Princess.java,76969,88,110
42,megamek.client.bot.princess.Princess.sendChat,megamek/src/megamek/client/bot/princess/Princess.java,81279,88,66
43,megamek.client.bot.princess.MoralUtil.calcDamageMod,megamek/src/megamek/client/bot/princess/MoralUtil.java,7896,69,116
44,megamek.client.bot.princess.MoralUtil.calcExperienceMod,megamek/src/megamek/client/bot/princess/MoralUtil.java,8414,69,116
45,megamek.client.bot.princess.FiringPlan.containsWeapon,megamek/src/megamek/client/bot/princess/FiringPlan.java,3889,42,84
46,megamek.client.bot.princess.PathRanker.validRange,megamek/src/megamek/client/bot/princess/PathRanker.java,17047,26,100
47,megamek.client.bot.princess.FireControl.isTargetUnderFlightPath,megamek/src/megamek/client/bot/princess/FireControl.java,53555,76,1 110
48,megamek.client.bot.princess.FireControl.isSubCommander,megamek/src/megamek/client/bot/princess/FireControl.java,65141,76,116
49,megamek.client.bot.princess.FireControl.getTargetableEnemyEntities,megamek/src/megamek/client/bot/princess/FireControl.java,108773,76,4 116
50,megamek.client.bot.princess.FireControl.getMaxDamageAtRange,megamek/src/megamek/client/bot/princess/FireControl.java,113863,76,116
51,megamek.client.bot.princess.FireControl.getClusterAmmo,megamek/src/megamek/client/bot/princess/FireControl.java,117243,76,102
52,megamek.client.bot.princess.FireControl.getAtmAmmo,megamek/src/megamek/client/bot/princess/FireControl.java,126195,76,1
53,megamek.client.bot.princess.FireControl.getAntiVeeAmmo,megamek/src/megamek/client/bot/princess/FireControl.java,129191,76,102
54,megamek.client.bot.princess.FireControl.getAntiInfantryAmmo,megamek/src/megamek/client/bot/princess/FireControl.java,130807,76,102
55,megamek.client.bot.princess.FireControl.getHeatAmmo,megamek/src/megamek/client/bot/princess/FireControl.java,132570,76,102
56,megamek.client.bot.princess.FireControl.getIncendiaryAmmo,megamek/src/megamek/client/bot/princess/FireControl.java,134037,76,102
57,megamek.client.bot.princess.FireControl.getHardTargetAmmo,megamek/src/megamek/client/bot/princess/FireControl.java,135718,76,102
58,megamek.client.bot.princess.FireControl.getAntiAirAmmo,megamek/src/megamek/client/bot/princess/FireControl.java,139428,76,102
59,megamek.client.bot.princess.FireControl.getUnjamWeaponPlan,megamek/src/megamek/client/bot/princess/FireControl.java,142401,76,116
60,megamek.client.bot.princess.PhysicalInfo.buildAction,megamek/src/megamek/client/bot/princess/PhysicalInfo.java,3582,114,79
61,megamek.client.bot.princess.PhysicalInfo.setDamageDirection,megamek/src/megamek/client/bot/princess/PhysicalInfo.java,14351,114,100 1
62,megamek.client.bot.princess.Precognition.isEntityOnMap,megamek/src/megamek/client/bot/princess/Precognition.java,14595,39,116
63,megamek.client.bot.princess.BasicPathRanker.calcWaterHazard,megamek/src/megamek/client/bot/princess/BasicPathRanker.java,47686,86,0 116
64,megamek.client.bot.princess.BasicPathRanker.calcFireHazard,megamek/src/megamek/client/bot/princess/BasicPathRanker.java,51752,86,116
65,megamek.client.bot.princess.NewtonianAerospacePathRanker.calculateSensorShadowMod,megamek/src/megamek/client/bot/princess/NewtonianAerospacePathRanker.java,7551,81,110
66,megamek.client.bot.CEntity.findMoves,megamek/src/megamek/client/bot/CEntity.java,45432,58,100 48
67,megamek.client.bot.TestBot.myEnemies,megamek/src/megamek/client/bot/TestBot.java,16312,8,116
68,megamek.client.bot.TestBot.filterMoves,megamek/src/megamek/client/bot/TestBot.java,54157,8,67 73
69,megamek.client.bot.TestBot.attackUtility,megamek/src/megamek/client/bot/TestBot.java,70583,8,58 71
70,megamek.client.bot.BotClient.getMassOfAllInBuilding,megamek/src/megamek/client/bot/BotClient.java,21067,91,100
71,megamek.client.bot.BotClient.potentialBuildingDamage,megamek/src/megamek/client/bot/BotClient.java,37823,91,116
72,megamek.client.bot.MoveOption.Table.get,megamek/src/megamek/client/bot/MoveOption.java,2775,67,71
73,megamek.client.bot.MoveOption.Table.remove,megamek/src/megamek/client/bot/MoveOption.java,2876,67,71
74,megamek.client.bot.ChatProcessor.shouldBotAcknowledgeDefeat,megamek/src/megamek/client/bot/ChatProcessor.java,1288,30,91
75,megamek.client.bot.ChatProcessor.shouldBotAcknowledgeVictory,megamek/src/megamek/client/bot/ChatProcessor.java,2266,30,91
76,megamek.client.bot.ChatProcessor.additionalTestBotCommands,megamek/src/megamek/client/bot/ChatProcessor.java,4606,30,8
77,megamek.client.commands.AssignNovaNetworkCommand.setNewNetworkID,megamek/src/megamek/client/commands/AssignNovaNetworkCommand.java,4297,129,116
78,megamek.client.Client.sendAddEntity,megamek/src/megamek/client/Client.java,26804,48,116
79,megamek.client.Client.receivePlayerInfo,megamek/src/megamek/client/Client.java,30280,48,43
80,megamek.client.Client.receiveBoard,megamek/src/megamek/client/Client.java,31205,48,43
81,megamek.client.Client.receiveEntities,megamek/src/megamek/client/Client.java,31411,48,43
82,megamek.client.Client.receiveEntityUpdate,megamek/src/megamek/client/Client.java,31905,48,43
83,megamek.client.Client.receiveEntityAdd,megamek/src/megamek/client/Client.java,32341,48,43
84,megamek.client.Client.receiveEntityRemove,megamek/src/megamek/client/Client.java,32836,48,43
85,megamek.client.Client.receiveEntityVisibilityIndicator,megamek/src/megamek/client/Client.java,33160,48,43
86,megamek.client.Client.receiveUpdateMinefields,megamek/src/megamek/client/Client.java,34676,48,43
87,megamek.client.Client.receiveBuildingUpdate,megamek/src/megamek/client/Client.java,35189,48,43
88,megamek.client.Client.receiveAttack,megamek/src/megamek/client/Client.java,35552,48,43
89,megamek.client.Client.receiveEntityNovaNetworkModeChange,megamek/src/megamek/client/Client.java,51491,48,43
90,megamek.client.ratgenerator.ForceNode.getCoRank,megamek/src/megamek/client/ratgenerator/ForceNode.java,12614,31,92
91,megamek.client.ratgenerator.ChassisRecord.addModel,megamek/src/megamek/client/ratgenerator/ChassisRecord.java,1109,70,101
92,megamek.client.ratgenerator.FormationType.generateFormation,megamek/src/megamek/client/ratgenerator/FormationType.java,8963,29,98
93,megamek.client.ratgenerator.FormationType.findMatchedGroups,megamek/src/megamek/client/ratgenerator/FormationType.java,41306,29,21
94,megamek.client.ratgenerator.ForceDescriptor.show,megamek/src/megamek/client/ratgenerator/ForceDescriptor.java,67373,92,66
95,megamek.client.ratgenerator.AbstractUnitRecord.calcAvailability,megamek/src/megamek/client/ratgenerator/AbstractUnitRecord.java,1177,2,99
96,megamek.client.ratgenerator.TransportCalculator.countBays,megamek/src/megamek/client/ratgenerator/TransportCalculator.java,8318,38,116
97,megamek.client.RandomUnitGenerator.getNodeByPath,megamek/src/megamek/client/RandomUnitGenerator.java,9218,6,17
98,megamek.common.net.marshall.PacketMarshaller.marshall,megamek/src/megamek/common/net/marshall/PacketMarshaller.java,1030,119,43
99,megamek.common.actions.RamAttackAction.toHit,megamek/src/megamek/common/actions/RamAttackAction.java,2515,74,100
100,megamek.common.actions.RamAttackAction.toHit,megamek/src/megamek/common/actions/RamAttackAction.java,8318,74,110
101,megamek.common.actions.ChargeAttackAction.toHit,megamek/src/megamek/common/actions/ChargeAttackAction.java,2796,80,100
102,megamek.common.actions.ChargeAttackAction.toHit,megamek/src/megamek/common/actions/ChargeAttackAction.java,15665,80,110
103,megamek.common.actions.AirmechRamAttackAction.toHit,megamek/src/megamek/common/actions/AirmechRamAttackAction.java,2530,41,100
104,megamek.common.actions.AirmechRamAttackAction.toHit,megamek/src/megamek/common/actions/AirmechRamAttackAction.java,12554,41,110
105,megamek.common.actions.SearchlightAttackAction.willIlluminate,megamek/src/megamek/common/actions/SearchlightAttackAction.java,5555,82,116
106,megamek.common.actions.TeleMissileAttackAction.getLargeCraftHeat,megamek/src/megamek/common/actions/TeleMissileAttackAction.java,3600,11,116
107,megamek.common.actions.TeleMissileAttackAction.canEngageCapitalMissile,megamek/src/megamek/common/actions/TeleMissileAttackAction.java,5377,11,84
108,megamek.common.loaders.MepFile.decodeArmorAndInternals,megamek/src/megamek/common/loaders/MepFile.java,12183,44,36
109,megamek.common.weapons.bayweapons.AmmoBayWeapon.checkAmmo,megamek/src/megamek/common/weapons/bayweapons/AmmoBayWeapon.java,1697,5,37
110,megamek.common.weapons.AmmoWeapon.checkAmmo,megamek/src/megamek/common/weapons/AmmoWeapon.java,1642,32,37
111,megamek.common.weapons.NarcHandler.narcCanAttachTo,megamek/src/megamek/common/weapons/NarcHandler.java,10010,105,116
112,megamek.common.weapons.CapitalMissileHandler.getCritMod,megamek/src/megamek/common/weapons/CapitalMissileHandler.java,15357,7,125
113,megamek.common.weapons.CapitalMissileBayHandler.getCritMod,megamek/src/megamek/common/weapons/CapitalMissileBayHandler.java,16535,53,125
114,megamek.common.weapons.CapitalMissileBearingsOnlyHandler.getCritMod,megamek/src/megamek/common/weapons/CapitalMissileBearingsOnlyHandler.java,36754,85,125
115,megamek.common.verifier.BayData.isLegalFor,megamek/src/megamek/common/verifier/BayData.java,9470,78,116
116,megamek.common.verifier.TestAero.checkCriticalSlotsForEquipment,megamek/src/megamek/common/verifier/TestAero.java,27827,54,116
117,megamek.common.verifier.TestAero.isAeroWeapon,megamek/src/megamek/common/verifier/TestAero.java,38823,54,116 104
118,megamek.common.verifier.TestMech.countCriticalSlotsFromEquipInLocation,megamek/src/megamek/common/verifier/TestMech.java,13380,103,84 116
119,megamek.common.verifier.TestMech.checkMiscSpreadAllocation,megamek/src/megamek/common/verifier/TestMech.java,14055,103,84 116
120,megamek.common.verifier.TestMech.criticalSlotsAllocated,megamek/src/megamek/common/verifier/TestMech.java,18712,103,84 116
121,megamek.common.verifier.TestEntity.calcMiscCrits,megamek/src/megamek/common/verifier/TestEntity.java,24989,120,14
122,megamek.common.verifier.TestProtomech.getMinimumWalkMP,megamek/src/megamek/common/verifier/TestProtomech.java,20904,124,50
123,megamek.common.verifier.EntityVerifier.checkEntity,megamek/src/megamek/common/verifier/EntityVerifier.java,4475,15,116
124,megamek.common.verifier.TestBattleArmor.getUnallocatedEquipment,megamek/src/megamek/common/verifier/TestBattleArmor.java,37083,65,116
125,megamek.common.verifier.TestAdvancedAerospace.CapitalArmor.pointsPerTon,megamek/src/megamek/common/verifier/TestAdvancedAerospace.java,3362,130,97
126,megamek.common.Aero.chooseSideRam,megamek/src/megamek/common/Aero.java,101212,107,100
127,megamek.common.Mech.getPartialWingJumpBonus,megamek/src/megamek/common/Mech.java,38128,36,84
128,megamek.common.Mech.addEquipment,megamek/src/megamek/common/Mech.java,101903,36,104
129,megamek.common.Mech.decodeCritical,megamek/src/megamek/common/Mech.java,247222,36,64
130,megamek.common.Mech.getCrewForCockpitSlot,megamek/src/megamek/common/Mech.java,261231,36,64
131,megamek.common.templates.TROView.formatSystemFluff,megamek/src/megamek/common/templates/TROView.java,8359,59,108 40
132,megamek.common.templates.TROView.formatTechBase,megamek/src/megamek/common/templates/TROView.java,11293,59,116
133,megamek.common.templates.TROView.formatArmorType,megamek/src/megamek/common/templates/TROView.java,11805,59,116
134,megamek.common.templates.TROView.addArmorStructureEntries,megamek/src/megamek/common/templates/TROView.java,13301,59,116
135,megamek.common.templates.TROView.getSpreadableLocations,megamek/src/megamek/common/templates/TROView.java,20760,59,116 104
136,megamek.common.templates.InfantryTROView.addArmorNotes,megamek/src/megamek/common/templates/InfantryTROView.java,8603,33,104
137,megamek.common.templates.BattleArmorTROView.formatManipulatorRow,megamek/src/megamek/common/templates/BattleArmorTROView.java,5852,47,84
138,megamek.common.pathfinder.MovePathFinder.NextStepsAdjacencyMap.addUpAndDown,megamek/src/megamek/common/pathfinder/MovePathFinder.java,13563,16,0 110 116
139,megamek.common.pathfinder.BoardEdgePathFinder.determineOppositeEdge,megamek/src/megamek/common/pathfinder/BoardEdgePathFinder.java,2512,20,116
140,megamek.common.pathfinder.BoardEdgePathFinder.getAppropriateFacing,megamek/src/megamek/common/pathfinder/BoardEdgePathFinder.java,4638,20,116
141,megamek.common.pathfinder.BoardEdgePathFinder.matchFacingToPath,megamek/src/megamek/common/pathfinder/BoardEdgePathFinder.java,9184,20,0 110
142,megamek.common.pathfinder.BoardEdgePathFinder.calculateUnitElevationInHex,megamek/src/megamek/common/pathfinder/BoardEdgePathFinder.java,26115,20,116
143,megamek.common.pathfinder.BoardEdgePathFinder.isOnBoardEdge,megamek/src/megamek/common/pathfinder/BoardEdgePathFinder.java,27364,20,110
144,megamek.common.pathfinder.NewtonianAerospacePathFinder.tooMuchTurning,megamek/src/megamek/common/pathfinder/NewtonianAerospacePathFinder.java,8832,10,110
145,megamek.common.Engine.getWalkHeat,megamek/src/megamek/common/Engine.java,23555,19,116
146,megamek.common.Engine.getRunHeat,megamek/src/megamek/common/Engine.java,23833,19,116
147,megamek.common.Entity.canGoUp,megamek/src/megamek/common/Entity.java,70677,116,100
148,megamek.common.Entity.getLocationAbbr,megamek/src/megamek/common/Entity.java,95904,116,13
149,megamek.common.Entity.addEquipment,megamek/src/megamek/common/Entity.java,110602,116,104
150,megamek.common.Entity.addEquipment,megamek/src/megamek/common/Entity.java,112581,116,104
151,megamek.common.Entity.addEquipment,megamek/src/megamek/common/Entity.java,113683,116,84
152,megamek.common.Entity.getEquipmentNum,megamek/src/megamek/common/Entity.java,116711,116,84
153,megamek.common.Entity.getEquipmentType,megamek/src/megamek/common/Entity.java,117409,116,64
154,megamek.common.Entity.getTotalAmmoOfType,megamek/src/megamek/common/Entity.java,117864,116,104
155,megamek.common.Entity.getTotalMunitionsOfType,megamek/src/megamek/common/Entity.java,118196,116,104
156,megamek.common.Entity.isWeaponValidForPhase,megamek/src/megamek/common/Entity.java,122565,116,84
157,megamek.common.Entity.loadWeapon,megamek/src/megamek/common/Entity.java,125095,116,84
158,megamek.common.Entity.loadWeaponWithSameAmmo,megamek/src/megamek/common/Entity.java,125383,116,84
159,megamek.common.Entity.addCritical,megamek/src/megamek/common/Entity.java,145088,116,64
160,megamek.common.Entity.removeCriticals,megamek/src/megamek/common/Entity.java,145555,116,64
161,megamek.common.Entity.getNumberOfCriticals,megamek/src/megamek/common/Entity.java,155004,116,104
162,megamek.common.Entity.getNumberOfCriticals,megamek/src/megamek/common/Entity.java,155564,116,104
163,megamek.common.Entity.getNumberOf,megamek/src/megamek/common/Entity.java,155921,116,104
164,megamek.common.Entity.addConditionBonuses,megamek/src/megamek/common/Entity.java,232447,116,55
165,megamek.common.Entity.checkMovedTooFast,megamek/src/megamek/common/Entity.java,247560,116,0
166,megamek.common.Entity.checkWaterMove,megamek/src/megamek/common/Entity.java,256114,116,100 0
167,megamek.common.Entity.checkDislodgeSwarmers,megamek/src/megamek/common/Entity.java,258552,116,0
168,megamek.common.Entity.checkMovementInBuilding,megamek/src/megamek/common/Entity.java,259364,116,100 0
169,megamek.common.Entity.checkTurnModeFailure,megamek/src/megamek/common/Entity.java,266287,116,100
170,megamek.common.Entity.adjustDifficultTerrainPSRModifier,megamek/src/megamek/common/Entity.java,270320,116,55
171,megamek.common.Entity.canAssist,megamek/src/megamek/common/Entity.java,327912,116,62
172,megamek.common.Entity.sideTable,megamek/src/megamek/common/Entity.java,367636,116,100
173,megamek.common.Entity.addPilotingModifierForTerrain,megamek/src/megamek/common/Entity.java,373573,116,100 55
174,megamek.common.Entity.addPilotingModifierForTerrain,megamek/src/megamek/common/Entity.java,374401,116,0 55
175,megamek.common.Entity.addPilotingModifierForTerrain,megamek/src/megamek/common/Entity.java,374825,116,55
176,megamek.common.Entity.checkSideSlip,megamek/src/megamek/common/Entity.java,384452,116,100 0
177,megamek.common.Entity.hasLinkedMGA,megamek/src/megamek/common/Entity.java,387730,116,84
178,megamek.common.Entity.getFirstBay,megamek/src/megamek/common/Entity.java,390425,116,102
179,megamek.common.Entity.chooseSide,megamek/src/megamek/common/Entity.java,392290,116,100
180,megamek.common.Entity.passedThrough,megamek/src/megamek/common/Entity.java,395806,116,100
181,megamek.common.Entity.passedWithin,megamek/src/megamek/common/Entity.java,396009,116,100
182,megamek.common.Entity.passedThroughPrevious,megamek/src/megamek/common/Entity.java,396324,116,100
183,megamek.common.Entity.getBayByAmmo,megamek/src/megamek/common/Entity.java,421206,116,84
184,megamek.common.Entity.doMASCCheckFor,megamek/src/megamek/common/Entity.java,466779,116,84
185,megamek.common.Entity.sideTableRam,megamek/src/megamek/common/Entity.java,486036,116,100
186,megamek.common.Entity.getCustomWeaponOrder,megamek/src/megamek/common/Entity.java,503727,116,84
187,megamek.common.Entity.setCustomWeaponOrder,megamek/src/megamek/common/Entity.java,504062,116,84
188,megamek.common.Report.addDesc,megamek/src/megamek/common/Report.java,10332,106,116
189,megamek.common.Sensor.adjustRange,megamek/src/megamek/common/Sensor.java,6620,34,83
190,megamek.common.Sensor.getModsForStealth,megamek/src/megamek/common/Sensor.java,8877,34,116
191,megamek.common.Sensor.getModForECM,megamek/src/megamek/common/Sensor.java,14455,34,116
192,megamek.common.Sensor.getModForMetalContent,megamek/src/megamek/common/Sensor.java,16130,34,116
193,megamek.common.Sensor.entityAdjustments,megamek/src/megamek/common/Sensor.java,16535,34,116
194,megamek.common.Mounted.getDamageAbsorption,megamek/src/megamek/common/Mounted.java,40600,84,116
195,megamek.common.Mounted.getCurrentDamageCapacity,megamek/src/megamek/common/Mounted.java,42471,84,116
196,megamek.common.Building.addDemolitionCharge,megamek/src/megamek/common/Building.java,28440,46,100
197,megamek.common.Building.getAbsorbtion,megamek/src/megamek/common/Building.java,30432,46,100
198,megamek.common.Infantry.checkBogDown,megamek/src/megamek/common/Infantry.java,48632,23,100 0
199,megamek.common.Infantry.setArmorKit,megamek/src/megamek/common/Infantry.java,62674,23,104
200,megamek.common.MiscType.getBV,megamek/src/megamek/common/MiscType.java,67351,14,84 116
201,megamek.common.MovePath.findSimplePathTo,megamek/src/megamek/common/MovePath.java,41094,110,100
202,megamek.common.MovePath.lazyPathfinder,megamek/src/megamek/common/MovePath.java,51962,110,100
203,megamek.common.MovePath.getSecondFinalPosition,megamek/src/megamek/common/MovePath.java,64754,110,100
204,megamek.common.MovePath.isEndStep,megamek/src/megamek/common/MovePath.java,66237,110,0
205,megamek.common.MovePath.setVTOLBombStep,megamek/src/megamek/common/MovePath.java,66627,110,100
206,megamek.common.MovePath.setStrafingStep,megamek/src/megamek/common/MovePath.java,67695,110,100
207,megamek.common.MoveStep.useAeroAtmosphere,megamek/src/megamek/common/MoveStep.java,144688,0,116
208,megamek.common.MoveStep.useSpheroidAtmosphere,megamek/src/megamek/common/MoveStep.java,145236,0,116
209,megamek.common.QuadMech.addQuadPilotingBonus,megamek/src/megamek/common/QuadMech.java,9928,24,55
210,megamek.common.BipedMech.addStandingPenalties,megamek/src/megamek/common/BipedMech.java,26883,52,55
211,megamek.common.MULParser.addExtraAmmoToBay,megamek/src/megamek/common/MULParser.java,90197,77,116
212,megamek.common.MULParser.destroyLocation,megamek/src/megamek/common/MULParser.java,94262,77,116
213,megamek.common.MULParser.breachLocation,megamek/src/megamek/common/MULParser.java,95353,77,116
214,megamek.common.MULParser.blowOffLocation,megamek/src/megamek/common/MULParser.java,95950,77,116
215,megamek.common.TripodMech.addStandingPenalties,megamek/src/megamek/common/TripodMech.java,30641,63,55
216,megamek.common.WeaponType.getRanges,megamek/src/megamek/common/WeaponType.java,38979,102,84
217,megamek.common.LandAirMech.getConversionModeFor,megamek/src/megamek/common/LandAirMech.java,35879,89,25
218,megamek.common.ArtilleryTracker.getModifierByCoords,megamek/src/megamek/common/ArtilleryTracker.java,3766,45,100
219,megamek.common.SpecialHexDisplay.drawNow,megamek/src/megamek/common/SpecialHexDisplay.java,6516,57,62
220,megamek.common.BattleForceElement.calcHeatCapacity,megamek/src/megamek/common/BattleForceElement.java,22344,112,116
221,megamek.common.BattleForceElement.calculatePointValue,megamek/src/megamek/common/BattleForceElement.java,22901,112,116
222,megamek.common.PlanetaryConditions.getWeatherHitPenalty,megamek/src/megamek/common/PlanetaryConditions.java,10062,115,116
223,megamek.common.PlanetaryConditions.getWindPilotPenalty,megamek/src/megamek/common/PlanetaryConditions.java,11637,115,116
224,megamek.common.PlanetaryConditions.getMovementMods,megamek/src/megamek/common/PlanetaryConditions.java,17734,115,116
225,megamek.common.PlanetaryConditions.whyDoomed,megamek/src/megamek/common/PlanetaryConditions.java,19990,115,116
226,megamek.common.PlanetaryConditions.getVisualRange,megamek/src/megamek/common/PlanetaryConditions.java,21202,115,116
227,megamek.server.Server.receivePlayerInfo,megamek/src/megamek/server/Server.java,31779,117,43
228,megamek.server.Server.checkTurnOrderStranded,megamek/src/megamek/server/Server.java,143159,117,94
229,megamek.server.Server.disconnectUnit,megamek/src/megamek/server/Server.java,184038,117,100 116
230,megamek.server.Server.dropUnit,megamek/src/megamek/server/Server.java,201461,117,100 116
231,megamek.server.Server.checkCrash,megamek/src/megamek/server/Server.java,267791,117,100 116
232,megamek.server.Server.processTrailerMovement,megamek/src/megamek/server/Server.java,435087,117,116
233,megamek.server.Server.initializeTrailerCoordinates,megamek/src/megamek/server/Server.java,439125,117,116
234,megamek.server.Server.deliverArtilleryFlare,megamek/src/megamek/server/Server.java,468777,117,100
235,megamek.server.Server.deliverMortarFlare,megamek/src/megamek/server/Server.java,469038,117,100
236,megamek.server.Server.deliverMissileSmoke,megamek/src/megamek/server/Server.java,469212,117,100
237,megamek.server.Server.deliverSmokeGrenade,megamek/src/megamek/server/Server.java,469791,117,100
238,megamek.server.Server.deliverSmokeMortar,megamek/src/megamek/server/Server.java,470283,117,100
239,megamek.server.Server.deliverChaffGrenade,megamek/src/megamek/server/Server.java,470807,117,100
240,megamek.server.Server.deliverArtillerySmoke,megamek/src/megamek/server/Server.java,471311,117,100
241,megamek.server.Server.deliverLIsmoke,megamek/src/megamek/server/Server.java,472657,117,100
242,megamek.server.Server.deliverScreen,megamek/src/megamek/server/Server.java,476984,117,100
243,megamek.server.Server.clearMinefield,megamek/src/megamek/server/Server.java,515251,117,87 116
244,megamek.server.Server.clearDetonatedMines,megamek/src/megamek/server/Server.java,518546,117,100
245,megamek.server.Server.removeMinefield,megamek/src/megamek/server/Server.java,527308,117,87
246,megamek.server.Server.revealMinefield,megamek/src/megamek/server/Server.java,528150,117,123 87
247,megamek.server.Server.receiveGroundToAirHexSelectPacket,megamek/src/megamek/server/Server.java,604676,117,43
248,megamek.server.Server.getKickPushPSR,megamek/src/megamek/server/Server.java,832927,117,116
249,megamek.server.Server.clearFlawedCoolingFlags,megamek/src/megamek/server/Server.java,900045,117,116
250,megamek.server.Server.doFlawedCoolingCheck,megamek/src/megamek/server/Server.java,901893,117,116
251,megamek.server.Server.createCrewTakeoverReport,megamek/src/megamek/server/Server.java,953150,117,116
252,megamek.server.Server.doFusionEngineExplosion,megamek/src/megamek/server/Server.java,1068036,117,100
253,megamek.server.Server.doExplosion,megamek/src/megamek/server/Server.java,1068476,117,100
254,megamek.server.Server.canShelter,megamek/src/megamek/server/Server.java,1079427,117,100
255,megamek.server.Server.doNuclearExplosion,megamek/src/megamek/server/Server.java,1082471,117,100
256,megamek.server.Server.criticalTank,megamek/src/megamek/server/Server.java,1201190,117,90
257,megamek.server.Server.criticalAero,megamek/src/megamek/server/Server.java,1208931,117,107
258,megamek.server.Server.explodeEquipment,megamek/src/megamek/server/Server.java,1253714,117,116
259,megamek.server.Server.resolvePilotDamageFromFall,megamek/src/megamek/server/Server.java,1288141,117,55 116
260,megamek.server.Server.checkIgnition,megamek/src/megamek/server/Server.java,1294238,117,100 93
261,megamek.server.Server.ignite,megamek/src/megamek/server/Server.java,1297423,117,100
262,megamek.server.Server.receiveEntityUpdate,megamek/src/megamek/server/Server.java,1344232,117,43
263,megamek.server.Server.receiveCustomInit,megamek/src/megamek/server/Server.java,1347798,117,43
264,megamek.server.Server.receiveEntitySensorChange,megamek/src/megamek/server/Server.java,1350497,117,43
265,megamek.server.Server.receiveEntitySinksChange,megamek/src/megamek/server/Server.java,1350876,117,43
266,megamek.server.Server.receiveEntityNovaNetworkModeChange,megamek/src/megamek/server/Server.java,1351881,117,43
267,megamek.server.Server.receiveEntityMountedFacingChange,megamek/src/megamek/server/Server.java,1352772,117,43
268,megamek.server.Server.receiveEntityCalledShotChange,megamek/src/megamek/server/Server.java,1353362,117,43
269,megamek.server.Server.receiveEntitySystemModeChange,megamek/src/megamek/server/Server.java,1353917,117,43
270,megamek.server.Server.receivePlayerDone,megamek/src/megamek/server/Server.java,1361668,117,43
271,megamek.server.Server.createHexChangePacket,megamek/src/megamek/server/Server.java,1378410,117,100
272,megamek.server.Server.checkExplodeIndustrialZone,megamek/src/megamek/server/Server.java,1408228,117,100
273,megamek.server.Server.checkBuildingCollapseWhileMoving,megamek/src/megamek/server/Server.java,1416793,117,100 46 116
274,megamek.server.Server.damageInfantryIn,megamek/src/megamek/server/Server.java,1418255,117,100 46
275,megamek.server.Server.damageBuilding,megamek/src/megamek/server/Server.java,1449374,117,100 46
276,megamek.server.Server.criticalGunEmplacement,megamek/src/megamek/server/Server.java,1455806,117,100 46
277,megamek.server.Server.creditKill,megamek/src/megamek/server/Server.java,1469572,117,116
278,megamek.server.Server.preTreatPhysicalAttack,megamek/src/megamek/server/Server.java,1470562,117,128
279,megamek.server.Server.checkQuickSand,megamek/src/megamek/server/Server.java,1529486,117,100
280,megamek.server.Server.resolveVehicleFire,megamek/src/megamek/server/Server.java,1531973,117,90
281,megamek.server.Server.artilleryDamageArea,megamek/src/megamek/server/Server.java,1565056,117,100 125 116
282,megamek.server.Server.artilleryDamageArea,megamek/src/megamek/server/Server.java,1567786,117,100 125 116
283,megamek.server.Server.deliverBombDamage,megamek/src/megamek/server/Server.java,1569587,117,100 116
284,megamek.server.Server.createSmoke,megamek/src/megamek/server/Server.java,1579540,117,100
285,megamek.server.Server.updateSmoke,megamek/src/megamek/server/Server.java,1580500,117,122
286,megamek.server.Server.removeSmokeTerrain,megamek/src/megamek/server/Server.java,1580802,117,122
287,megamek.server.FireProcessor.driftSmokeDissipate,megamek/src/megamek/server/FireProcessor.java,20730,12,122
288,megamek.server.ScenarioLoader.getValidAmmoType,megamek/src/megamek/server/ScenarioLoader.java,5989,51,84
289,megamek.server.ScenarioLoader.parseAutoEject,megamek/src/megamek/server/ScenarioLoader.java,30813,51,116
